testdemo1@gmil.com,password1,testdemo1,lname1
testdemo2@gmil.com,password2,testdemo2,lname2
testdemo3@gmil.com,password3,testdemo3,lname3
testdemo4@gmil.com,password4,testdemo4,lname4
testdemo5@gmil.com,password5,testdemo5,lname5
testdemo6@gmil.com,password6,testdemo6,lname6
testdemo7@gmil.com,password7,testdemo7,lname7
testdemo8@gmil.com,password8,testdemo8,lname8
testdemo9@gmil.com,password9,testdemo9,lname9
testdemo10@gmil.com,password10,testdemo10,lname10
testdemo11@gmil.com,password11,testdemo11,lname11
testdemo12@gmil.com,password12,testdemo12,lname12
testdemo13@gmil.com,password13,testdemo13,lname13
testdemo14@gmil.com,password14,testdemo14,lname14
testdemo15@gmil.com,password15,testdemo15,lname15
testdemo16@gmil.com,password16,testdemo16,lname16
testdemo17@gmil.com,password17,testdemo17,lname17
testdemo18@gmil.com,password18,testdemo18,lname18
testdemo19@gmil.com,password19,testdemo19,lname19
testdemo20@gmil.com,password20,testdemo20,lname20
testdemo21@gmil.com,password21,testdemo21,lname21
testdemo22@gmil.com,password22,testdemo22,lname22
testdemo23@gmil.com,password23,testdemo23,lname23
testdemo24@gmil.com,password24,testdemo24,lname24
testdemo25@gmil.com,password25,testdemo25,lname25
testdemo26@gmil.com,password26,testdemo26,lname26
testdemo27@gmil.com,password27,testdemo27,lname27
testdemo28@gmil.com,password28,testdemo28,lname28
testdemo29@gmil.com,password29,testdemo29,lname29
testdemo30@gmil.com,password30,testdemo30,lname30
testdemo31@gmil.com,password31,testdemo31,lname31
testdemo32@gmil.com,password32,testdemo32,lname32
testdemo33@gmil.com,password33,testdemo33,lname33
testdemo34@gmil.com,password34,testdemo34,lname34
testdemo35@gmil.com,password35,testdemo35,lname35
testdemo36@gmil.com,password36,testdemo36,lname36
testdemo37@gmil.com,password37,testdemo37,lname37
testdemo38@gmil.com,password38,testdemo38,lname38
testdemo39@gmil.com,password39,testdemo39,lname39
testdemo40@gmil.com,password40,testdemo40,lname40
testdemo41@gmil.com,password41,testdemo41,lname41
testdemo42@gmil.com,password42,testdemo42,lname42
testdemo43@gmil.com,password43,testdemo43,lname43
testdemo44@gmil.com,password44,testdemo44,lname44
testdemo45@gmil.com,password45,testdemo45,lname45
testdemo46@gmil.com,password46,testdemo46,lname46
testdemo47@gmil.com,password47,testdemo47,lname47
testdemo48@gmil.com,password48,testdemo48,lname48
testdemo49@gmil.com,password49,testdemo49,lname49
testdemo50@gmil.com,password50,testdemo50,lname50
testdemo51@gmil.com,password51,testdemo51,lname51
testdemo52@gmil.com,password52,testdemo52,lname52
testdemo53@gmil.com,password53,testdemo53,lname53
testdemo54@gmil.com,password54,testdemo54,lname54
testdemo55@gmil.com,password55,testdemo55,lname55
testdemo56@gmil.com,password56,testdemo56,lname56
testdemo57@gmil.com,password57,testdemo57,lname57
testdemo58@gmil.com,password58,testdemo58,lname58
testdemo59@gmil.com,password59,testdemo59,lname59
testdemo60@gmil.com,password60,testdemo60,lname60
testdemo61@gmil.com,password61,testdemo61,lname61
testdemo62@gmil.com,password62,testdemo62,lname62
testdemo63@gmil.com,password63,testdemo63,lname63
testdemo64@gmil.com,password64,testdemo64,lname64
testdemo65@gmil.com,password65,testdemo65,lname65
testdemo66@gmil.com,password66,testdemo66,lname66
testdemo67@gmil.com,password67,testdemo67,lname67
testdemo68@gmil.com,password68,testdemo68,lname68
testdemo69@gmil.com,password69,testdemo69,lname69
testdemo70@gmil.com,password70,testdemo70,lname70
testdemo71@gmil.com,password71,testdemo71,lname71
testdemo72@gmil.com,password72,testdemo72,lname72
testdemo73@gmil.com,password73,testdemo73,lname73
testdemo74@gmil.com,password74,testdemo74,lname74
testdemo75@gmil.com,password75,testdemo75,lname75
testdemo76@gmil.com,password76,testdemo76,lname76
testdemo77@gmil.com,password77,testdemo77,lname77
testdemo78@gmil.com,password78,testdemo78,lname78
testdemo79@gmil.com,password79,testdemo79,lname79
testdemo80@gmil.com,password80,testdemo80,lname80
testdemo81@gmil.com,password81,testdemo81,lname81
testdemo82@gmil.com,password82,testdemo82,lname82
testdemo83@gmil.com,password83,testdemo83,lname83
testdemo84@gmil.com,password84,testdemo84,lname84
testdemo85@gmil.com,password85,testdemo85,lname85
testdemo86@gmil.com,password86,testdemo86,lname86
testdemo87@gmil.com,password87,testdemo87,lname87
testdemo88@gmil.com,password88,testdemo88,lname88
testdemo89@gmil.com,password89,testdemo89,lname89
testdemo90@gmil.com,password90,testdemo90,lname90
testdemo91@gmil.com,password91,testdemo91,lname91
testdemo92@gmil.com,password92,testdemo92,lname92
testdemo93@gmil.com,password93,testdemo93,lname93
testdemo94@gmil.com,password94,testdemo94,lname94
testdemo95@gmil.com,password95,testdemo95,lname95
testdemo96@gmil.com,password96,testdemo96,lname96
testdemo97@gmil.com,password97,testdemo97,lname97
testdemo98@gmil.com,password98,testdemo98,lname98
testdemo99@gmil.com,password99,testdemo99,lname99
testdemo100@gmil.com,password100,testdemo100,lname100
testdemo101@gmil.com,password101,testdemo101,lname101
testdemo102@gmil.com,password102,testdemo102,lname102
testdemo103@gmil.com,password103,testdemo103,lname103
testdemo104@gmil.com,password104,testdemo104,lname104
testdemo105@gmil.com,password105,testdemo105,lname105
testdemo106@gmil.com,password106,testdemo106,lname106
testdemo107@gmil.com,password107,testdemo107,lname107
testdemo108@gmil.com,password108,testdemo108,lname108
testdemo109@gmil.com,password109,testdemo109,lname109
testdemo110@gmil.com,password110,testdemo110,lname110
testdemo111@gmil.com,password111,testdemo111,lname111
testdemo112@gmil.com,password112,testdemo112,lname112
testdemo113@gmil.com,password113,testdemo113,lname113
testdemo114@gmil.com,password114,testdemo114,lname114
testdemo115@gmil.com,password115,testdemo115,lname115
testdemo116@gmil.com,password116,testdemo116,lname116
testdemo117@gmil.com,password117,testdemo117,lname117
testdemo118@gmil.com,password118,testdemo118,lname118
testdemo119@gmil.com,password119,testdemo119,lname119
testdemo120@gmil.com,password120,testdemo120,lname120
testdemo121@gmil.com,password121,testdemo121,lname121
testdemo122@gmil.com,password122,testdemo122,lname122
testdemo123@gmil.com,password123,testdemo123,lname123
testdemo124@gmil.com,password124,testdemo124,lname124
testdemo125@gmil.com,password125,testdemo125,lname125
testdemo126@gmil.com,password126,testdemo126,lname126
testdemo127@gmil.com,password127,testdemo127,lname127
testdemo128@gmil.com,password128,testdemo128,lname128
testdemo129@gmil.com,password129,testdemo129,lname129
testdemo130@gmil.com,password130,testdemo130,lname130
testdemo131@gmil.com,password131,testdemo131,lname131
testdemo132@gmil.com,password132,testdemo132,lname132
testdemo133@gmil.com,password133,testdemo133,lname133
testdemo134@gmil.com,password134,testdemo134,lname134
testdemo135@gmil.com,password135,testdemo135,lname135
testdemo136@gmil.com,password136,testdemo136,lname136
testdemo137@gmil.com,password137,testdemo137,lname137
testdemo138@gmil.com,password138,testdemo138,lname138
testdemo139@gmil.com,password139,testdemo139,lname139
testdemo140@gmil.com,password140,testdemo140,lname140
testdemo141@gmil.com,password141,testdemo141,lname141
testdemo142@gmil.com,password142,testdemo142,lname142
testdemo143@gmil.com,password143,testdemo143,lname143
testdemo144@gmil.com,password144,testdemo144,lname144
testdemo145@gmil.com,password145,testdemo145,lname145
testdemo146@gmil.com,password146,testdemo146,lname146
testdemo147@gmil.com,password147,testdemo147,lname147
testdemo148@gmil.com,password148,testdemo148,lname148
testdemo149@gmil.com,password149,testdemo149,lname149
testdemo150@gmil.com,password150,testdemo150,lname150
testdemo151@gmil.com,password151,testdemo151,lname151
testdemo152@gmil.com,password152,testdemo152,lname152
testdemo153@gmil.com,password153,testdemo153,lname153
testdemo154@gmil.com,password154,testdemo154,lname154
testdemo155@gmil.com,password155,testdemo155,lname155
testdemo156@gmil.com,password156,testdemo156,lname156
testdemo157@gmil.com,password157,testdemo157,lname157
testdemo158@gmil.com,password158,testdemo158,lname158
testdemo159@gmil.com,password159,testdemo159,lname159
testdemo160@gmil.com,password160,testdemo160,lname160
testdemo161@gmil.com,password161,testdemo161,lname161
testdemo162@gmil.com,password162,testdemo162,lname162
testdemo163@gmil.com,password163,testdemo163,lname163
testdemo164@gmil.com,password164,testdemo164,lname164
testdemo165@gmil.com,password165,testdemo165,lname165
testdemo166@gmil.com,password166,testdemo166,lname166
testdemo167@gmil.com,password167,testdemo167,lname167
testdemo168@gmil.com,password168,testdemo168,lname168
testdemo169@gmil.com,password169,testdemo169,lname169
testdemo170@gmil.com,password170,testdemo170,lname170
testdemo171@gmil.com,password171,testdemo171,lname171
testdemo172@gmil.com,password172,testdemo172,lname172
testdemo173@gmil.com,password173,testdemo173,lname173
testdemo174@gmil.com,password174,testdemo174,lname174
testdemo175@gmil.com,password175,testdemo175,lname175
testdemo176@gmil.com,password176,testdemo176,lname176
testdemo177@gmil.com,password177,testdemo177,lname177
testdemo178@gmil.com,password178,testdemo178,lname178
testdemo179@gmil.com,password179,testdemo179,lname179
testdemo180@gmil.com,password180,testdemo180,lname180
testdemo181@gmil.com,password181,testdemo181,lname181
testdemo182@gmil.com,password182,testdemo182,lname182
testdemo183@gmil.com,password183,testdemo183,lname183
testdemo184@gmil.com,password184,testdemo184,lname184
testdemo185@gmil.com,password185,testdemo185,lname185
testdemo186@gmil.com,password186,testdemo186,lname186
testdemo187@gmil.com,password187,testdemo187,lname187
testdemo188@gmil.com,password188,testdemo188,lname188
testdemo189@gmil.com,password189,testdemo189,lname189
testdemo190@gmil.com,password190,testdemo190,lname190
testdemo191@gmil.com,password191,testdemo191,lname191
testdemo192@gmil.com,password192,testdemo192,lname192
testdemo193@gmil.com,password193,testdemo193,lname193
testdemo194@gmil.com,password194,testdemo194,lname194
testdemo195@gmil.com,password195,testdemo195,lname195
testdemo196@gmil.com,password196,testdemo196,lname196
testdemo197@gmil.com,password197,testdemo197,lname197
testdemo198@gmil.com,password198,testdemo198,lname198
testdemo199@gmil.com,password199,testdemo199,lname199
testdemo200@gmil.com,password200,testdemo200,lname200
testdemo201@gmil.com,password201,testdemo201,lname201
testdemo202@gmil.com,password202,testdemo202,lname202
testdemo203@gmil.com,password203,testdemo203,lname203
testdemo204@gmil.com,password204,testdemo204,lname204
testdemo205@gmil.com,password205,testdemo205,lname205
testdemo206@gmil.com,password206,testdemo206,lname206
testdemo207@gmil.com,password207,testdemo207,lname207
testdemo208@gmil.com,password208,testdemo208,lname208
testdemo209@gmil.com,password209,testdemo209,lname209
testdemo210@gmil.com,password210,testdemo210,lname210
testdemo211@gmil.com,password211,testdemo211,lname211
testdemo212@gmil.com,password212,testdemo212,lname212
testdemo213@gmil.com,password213,testdemo213,lname213
testdemo214@gmil.com,password214,testdemo214,lname214
testdemo215@gmil.com,password215,testdemo215,lname215
testdemo216@gmil.com,password216,testdemo216,lname216
testdemo217@gmil.com,password217,testdemo217,lname217
testdemo218@gmil.com,password218,testdemo218,lname218
testdemo219@gmil.com,password219,testdemo219,lname219
testdemo220@gmil.com,password220,testdemo220,lname220
testdemo221@gmil.com,password221,testdemo221,lname221
testdemo222@gmil.com,password222,testdemo222,lname222
testdemo223@gmil.com,password223,testdemo223,lname223
testdemo224@gmil.com,password224,testdemo224,lname224
testdemo225@gmil.com,password225,testdemo225,lname225
testdemo226@gmil.com,password226,testdemo226,lname226
testdemo227@gmil.com,password227,testdemo227,lname227
testdemo228@gmil.com,password228,testdemo228,lname228
testdemo229@gmil.com,password229,testdemo229,lname229
testdemo230@gmil.com,password230,testdemo230,lname230
testdemo231@gmil.com,password231,testdemo231,lname231
testdemo232@gmil.com,password232,testdemo232,lname232
testdemo233@gmil.com,password233,testdemo233,lname233
testdemo234@gmil.com,password234,testdemo234,lname234
testdemo235@gmil.com,password235,testdemo235,lname235
testdemo236@gmil.com,password236,testdemo236,lname236
testdemo237@gmil.com,password237,testdemo237,lname237
testdemo238@gmil.com,password238,testdemo238,lname238
testdemo239@gmil.com,password239,testdemo239,lname239
testdemo240@gmil.com,password240,testdemo240,lname240
testdemo241@gmil.com,password241,testdemo241,lname241
testdemo242@gmil.com,password242,testdemo242,lname242
testdemo243@gmil.com,password243,testdemo243,lname243
testdemo244@gmil.com,password244,testdemo244,lname244
testdemo245@gmil.com,password245,testdemo245,lname245
testdemo246@gmil.com,password246,testdemo246,lname246
testdemo247@gmil.com,password247,testdemo247,lname247
testdemo248@gmil.com,password248,testdemo248,lname248
testdemo249@gmil.com,password249,testdemo249,lname249
testdemo250@gmil.com,password250,testdemo250,lname250
testdemo251@gmil.com,password251,testdemo251,lname251
testdemo252@gmil.com,password252,testdemo252,lname252
testdemo253@gmil.com,password253,testdemo253,lname253
testdemo254@gmil.com,password254,testdemo254,lname254
testdemo255@gmil.com,password255,testdemo255,lname255
testdemo256@gmil.com,password256,testdemo256,lname256
testdemo257@gmil.com,password257,testdemo257,lname257
testdemo258@gmil.com,password258,testdemo258,lname258
testdemo259@gmil.com,password259,testdemo259,lname259
testdemo260@gmil.com,password260,testdemo260,lname260
testdemo261@gmil.com,password261,testdemo261,lname261
testdemo262@gmil.com,password262,testdemo262,lname262
testdemo263@gmil.com,password263,testdemo263,lname263
testdemo264@gmil.com,password264,testdemo264,lname264
testdemo265@gmil.com,password265,testdemo265,lname265
testdemo266@gmil.com,password266,testdemo266,lname266
testdemo267@gmil.com,password267,testdemo267,lname267
testdemo268@gmil.com,password268,testdemo268,lname268
testdemo269@gmil.com,password269,testdemo269,lname269
testdemo270@gmil.com,password270,testdemo270,lname270
testdemo271@gmil.com,password271,testdemo271,lname271
testdemo272@gmil.com,password272,testdemo272,lname272
testdemo273@gmil.com,password273,testdemo273,lname273
testdemo274@gmil.com,password274,testdemo274,lname274
testdemo275@gmil.com,password275,testdemo275,lname275
testdemo276@gmil.com,password276,testdemo276,lname276
testdemo277@gmil.com,password277,testdemo277,lname277
testdemo278@gmil.com,password278,testdemo278,lname278
testdemo279@gmil.com,password279,testdemo279,lname279
testdemo280@gmil.com,password280,testdemo280,lname280
testdemo281@gmil.com,password281,testdemo281,lname281
testdemo282@gmil.com,password282,testdemo282,lname282
testdemo283@gmil.com,password283,testdemo283,lname283
testdemo284@gmil.com,password284,testdemo284,lname284
testdemo285@gmil.com,password285,testdemo285,lname285
testdemo286@gmil.com,password286,testdemo286,lname286
testdemo287@gmil.com,password287,testdemo287,lname287
testdemo288@gmil.com,password288,testdemo288,lname288
testdemo289@gmil.com,password289,testdemo289,lname289
testdemo290@gmil.com,password290,testdemo290,lname290
testdemo291@gmil.com,password291,testdemo291,lname291
testdemo292@gmil.com,password292,testdemo292,lname292
testdemo293@gmil.com,password293,testdemo293,lname293
testdemo294@gmil.com,password294,testdemo294,lname294
testdemo295@gmil.com,password295,testdemo295,lname295
testdemo296@gmil.com,password296,testdemo296,lname296
testdemo297@gmil.com,password297,testdemo297,lname297
testdemo298@gmil.com,password298,testdemo298,lname298
testdemo299@gmil.com,password299,testdemo299,lname299
testdemo300@gmil.com,password300,testdemo300,lname300
testdemo301@gmil.com,password301,testdemo301,lname301
testdemo302@gmil.com,password302,testdemo302,lname302
testdemo303@gmil.com,password303,testdemo303,lname303
testdemo304@gmil.com,password304,testdemo304,lname304
testdemo305@gmil.com,password305,testdemo305,lname305
testdemo306@gmil.com,password306,testdemo306,lname306
testdemo307@gmil.com,password307,testdemo307,lname307
testdemo308@gmil.com,password308,testdemo308,lname308
testdemo309@gmil.com,password309,testdemo309,lname309
testdemo310@gmil.com,password310,testdemo310,lname310
testdemo311@gmil.com,password311,testdemo311,lname311
testdemo312@gmil.com,password312,testdemo312,lname312
testdemo313@gmil.com,password313,testdemo313,lname313
testdemo314@gmil.com,password314,testdemo314,lname314
testdemo315@gmil.com,password315,testdemo315,lname315
testdemo316@gmil.com,password316,testdemo316,lname316
testdemo317@gmil.com,password317,testdemo317,lname317
testdemo318@gmil.com,password318,testdemo318,lname318
testdemo319@gmil.com,password319,testdemo319,lname319
testdemo320@gmil.com,password320,testdemo320,lname320
testdemo321@gmil.com,password321,testdemo321,lname321
testdemo322@gmil.com,password322,testdemo322,lname322
testdemo323@gmil.com,password323,testdemo323,lname323
testdemo324@gmil.com,password324,testdemo324,lname324
testdemo325@gmil.com,password325,testdemo325,lname325
testdemo326@gmil.com,password326,testdemo326,lname326
testdemo327@gmil.com,password327,testdemo327,lname327
testdemo328@gmil.com,password328,testdemo328,lname328
testdemo329@gmil.com,password329,testdemo329,lname329
testdemo330@gmil.com,password330,testdemo330,lname330
testdemo331@gmil.com,password331,testdemo331,lname331
testdemo332@gmil.com,password332,testdemo332,lname332
testdemo333@gmil.com,password333,testdemo333,lname333
testdemo334@gmil.com,password334,testdemo334,lname334
testdemo335@gmil.com,password335,testdemo335,lname335
testdemo336@gmil.com,password336,testdemo336,lname336
testdemo337@gmil.com,password337,testdemo337,lname337
testdemo338@gmil.com,password338,testdemo338,lname338
testdemo339@gmil.com,password339,testdemo339,lname339
testdemo340@gmil.com,password340,testdemo340,lname340
testdemo341@gmil.com,password341,testdemo341,lname341
testdemo342@gmil.com,password342,testdemo342,lname342
testdemo343@gmil.com,password343,testdemo343,lname343
testdemo344@gmil.com,password344,testdemo344,lname344
testdemo345@gmil.com,password345,testdemo345,lname345
testdemo346@gmil.com,password346,testdemo346,lname346
testdemo347@gmil.com,password347,testdemo347,lname347
testdemo348@gmil.com,password348,testdemo348,lname348
testdemo349@gmil.com,password349,testdemo349,lname349
testdemo350@gmil.com,password350,testdemo350,lname350
testdemo351@gmil.com,password351,testdemo351,lname351
testdemo352@gmil.com,password352,testdemo352,lname352
testdemo353@gmil.com,password353,testdemo353,lname353
testdemo354@gmil.com,password354,testdemo354,lname354
testdemo355@gmil.com,password355,testdemo355,lname355
testdemo356@gmil.com,password356,testdemo356,lname356
testdemo357@gmil.com,password357,testdemo357,lname357
testdemo358@gmil.com,password358,testdemo358,lname358
testdemo359@gmil.com,password359,testdemo359,lname359
testdemo360@gmil.com,password360,testdemo360,lname360
testdemo361@gmil.com,password361,testdemo361,lname361
testdemo362@gmil.com,password362,testdemo362,lname362
testdemo363@gmil.com,password363,testdemo363,lname363
testdemo364@gmil.com,password364,testdemo364,lname364
testdemo365@gmil.com,password365,testdemo365,lname365
testdemo366@gmil.com,password366,testdemo366,lname366
testdemo367@gmil.com,password367,testdemo367,lname367
testdemo368@gmil.com,password368,testdemo368,lname368
testdemo369@gmil.com,password369,testdemo369,lname369
testdemo370@gmil.com,password370,testdemo370,lname370
testdemo371@gmil.com,password371,testdemo371,lname371
testdemo372@gmil.com,password372,testdemo372,lname372
testdemo373@gmil.com,password373,testdemo373,lname373
testdemo374@gmil.com,password374,testdemo374,lname374
testdemo375@gmil.com,password375,testdemo375,lname375
testdemo376@gmil.com,password376,testdemo376,lname376
testdemo377@gmil.com,password377,testdemo377,lname377
testdemo378@gmil.com,password378,testdemo378,lname378
testdemo379@gmil.com,password379,testdemo379,lname379
testdemo380@gmil.com,password380,testdemo380,lname380
testdemo381@gmil.com,password381,testdemo381,lname381
testdemo382@gmil.com,password382,testdemo382,lname382
testdemo383@gmil.com,password383,testdemo383,lname383
testdemo384@gmil.com,password384,testdemo384,lname384
testdemo385@gmil.com,password385,testdemo385,lname385
testdemo386@gmil.com,password386,testdemo386,lname386
testdemo387@gmil.com,password387,testdemo387,lname387
testdemo388@gmil.com,password388,testdemo388,lname388
testdemo389@gmil.com,password389,testdemo389,lname389
testdemo390@gmil.com,password390,testdemo390,lname390
testdemo391@gmil.com,password391,testdemo391,lname391
testdemo392@gmil.com,password392,testdemo392,lname392
testdemo393@gmil.com,password393,testdemo393,lname393
testdemo394@gmil.com,password394,testdemo394,lname394
testdemo395@gmil.com,password395,testdemo395,lname395
testdemo396@gmil.com,password396,testdemo396,lname396
testdemo397@gmil.com,password397,testdemo397,lname397
testdemo398@gmil.com,password398,testdemo398,lname398
testdemo399@gmil.com,password399,testdemo399,lname399
testdemo400@gmil.com,password400,testdemo400,lname400
testdemo401@gmil.com,password401,testdemo401,lname401
testdemo402@gmil.com,password402,testdemo402,lname402
testdemo403@gmil.com,password403,testdemo403,lname403
testdemo404@gmil.com,password404,testdemo404,lname404
testdemo405@gmil.com,password405,testdemo405,lname405
testdemo406@gmil.com,password406,testdemo406,lname406
testdemo407@gmil.com,password407,testdemo407,lname407
testdemo408@gmil.com,password408,testdemo408,lname408
testdemo409@gmil.com,password409,testdemo409,lname409
testdemo410@gmil.com,password410,testdemo410,lname410
testdemo411@gmil.com,password411,testdemo411,lname411
testdemo412@gmil.com,password412,testdemo412,lname412
testdemo413@gmil.com,password413,testdemo413,lname413
testdemo414@gmil.com,password414,testdemo414,lname414
testdemo415@gmil.com,password415,testdemo415,lname415
testdemo416@gmil.com,password416,testdemo416,lname416
testdemo417@gmil.com,password417,testdemo417,lname417
testdemo418@gmil.com,password418,testdemo418,lname418
testdemo419@gmil.com,password419,testdemo419,lname419
testdemo420@gmil.com,password420,testdemo420,lname420
testdemo421@gmil.com,password421,testdemo421,lname421
testdemo422@gmil.com,password422,testdemo422,lname422
testdemo423@gmil.com,password423,testdemo423,lname423
testdemo424@gmil.com,password424,testdemo424,lname424
testdemo425@gmil.com,password425,testdemo425,lname425
testdemo426@gmil.com,password426,testdemo426,lname426
testdemo427@gmil.com,password427,testdemo427,lname427
testdemo428@gmil.com,password428,testdemo428,lname428
testdemo429@gmil.com,password429,testdemo429,lname429
testdemo430@gmil.com,password430,testdemo430,lname430
testdemo431@gmil.com,password431,testdemo431,lname431
testdemo432@gmil.com,password432,testdemo432,lname432
testdemo433@gmil.com,password433,testdemo433,lname433
testdemo434@gmil.com,password434,testdemo434,lname434
testdemo435@gmil.com,password435,testdemo435,lname435
testdemo436@gmil.com,password436,testdemo436,lname436
testdemo437@gmil.com,password437,testdemo437,lname437
testdemo438@gmil.com,password438,testdemo438,lname438
testdemo439@gmil.com,password439,testdemo439,lname439
testdemo440@gmil.com,password440,testdemo440,lname440
testdemo441@gmil.com,password441,testdemo441,lname441
testdemo442@gmil.com,password442,testdemo442,lname442
testdemo443@gmil.com,password443,testdemo443,lname443
testdemo444@gmil.com,password444,testdemo444,lname444
testdemo445@gmil.com,password445,testdemo445,lname445
testdemo446@gmil.com,password446,testdemo446,lname446
testdemo447@gmil.com,password447,testdemo447,lname447
testdemo448@gmil.com,password448,testdemo448,lname448
testdemo449@gmil.com,password449,testdemo449,lname449
testdemo450@gmil.com,password450,testdemo450,lname450
testdemo451@gmil.com,password451,testdemo451,lname451
testdemo452@gmil.com,password452,testdemo452,lname452
testdemo453@gmil.com,password453,testdemo453,lname453
testdemo454@gmil.com,password454,testdemo454,lname454
testdemo455@gmil.com,password455,testdemo455,lname455
testdemo456@gmil.com,password456,testdemo456,lname456
testdemo457@gmil.com,password457,testdemo457,lname457
testdemo458@gmil.com,password458,testdemo458,lname458
testdemo459@gmil.com,password459,testdemo459,lname459
testdemo460@gmil.com,password460,testdemo460,lname460
testdemo461@gmil.com,password461,testdemo461,lname461
testdemo462@gmil.com,password462,testdemo462,lname462
testdemo463@gmil.com,password463,testdemo463,lname463
testdemo464@gmil.com,password464,testdemo464,lname464
testdemo465@gmil.com,password465,testdemo465,lname465
testdemo466@gmil.com,password466,testdemo466,lname466
testdemo467@gmil.com,password467,testdemo467,lname467
testdemo468@gmil.com,password468,testdemo468,lname468
testdemo469@gmil.com,password469,testdemo469,lname469
testdemo470@gmil.com,password470,testdemo470,lname470
testdemo471@gmil.com,password471,testdemo471,lname471
testdemo472@gmil.com,password472,testdemo472,lname472
testdemo473@gmil.com,password473,testdemo473,lname473
testdemo474@gmil.com,password474,testdemo474,lname474
testdemo475@gmil.com,password475,testdemo475,lname475
testdemo476@gmil.com,password476,testdemo476,lname476
testdemo477@gmil.com,password477,testdemo477,lname477
testdemo478@gmil.com,password478,testdemo478,lname478
testdemo479@gmil.com,password479,testdemo479,lname479
testdemo480@gmil.com,password480,testdemo480,lname480
testdemo481@gmil.com,password481,testdemo481,lname481
testdemo482@gmil.com,password482,testdemo482,lname482
testdemo483@gmil.com,password483,testdemo483,lname483
testdemo484@gmil.com,password484,testdemo484,lname484
testdemo485@gmil.com,password485,testdemo485,lname485
testdemo486@gmil.com,password486,testdemo486,lname486
testdemo487@gmil.com,password487,testdemo487,lname487
testdemo488@gmil.com,password488,testdemo488,lname488
testdemo489@gmil.com,password489,testdemo489,lname489
testdemo490@gmil.com,password490,testdemo490,lname490
testdemo491@gmil.com,password491,testdemo491,lname491
testdemo492@gmil.com,password492,testdemo492,lname492
testdemo493@gmil.com,password493,testdemo493,lname493
testdemo494@gmil.com,password494,testdemo494,lname494
testdemo495@gmil.com,password495,testdemo495,lname495
testdemo496@gmil.com,password496,testdemo496,lname496
testdemo497@gmil.com,password497,testdemo497,lname497
testdemo498@gmil.com,password498,testdemo498,lname498
testdemo499@gmil.com,password499,testdemo499,lname499
testdemo500@gmil.com,password500,testdemo500,lname500
